{"cameraMode":{"drawMode":0,"name":"Shaded","section":"Shading Mode"},"sceneLighting":true,"audioPlay":false,"sceneViewState":{"m_AlwaysRefresh":false,"showFog":true,"showSkybox":true,"showFlares":true,"showImageEffects":true,"showParticleSystems":true,"showVisualEffectGraphs":true,"m_FxEnabled":true},"in2DMode":false,"pivot":{"x":9.218966484069825,"y":61.2155647277832,"z":-83.03376770019531},"rotation":{"x":0.30005353689193728,"y":-0.019736861810088159,"z":0.006207215134054422,"w":0.9537186026573181},"size":1.2054864168167115,"orthographic":false}