{"cameraMode":{"drawMode":0,"name":"Shaded","section":"Shading Mode"},"sceneLighting":true,"audioPlay":false,"sceneViewState":{"m_AlwaysRefresh":false,"showFog":true,"showSkybox":true,"showFlares":true,"showImageEffects":true,"showParticleSystems":true,"showVisualEffectGraphs":true,"m_FxEnabled":true},"in2DMode":false,"pivot":{"x":19.960481643676759,"y":3.492737293243408,"z":17.927289962768556},"rotation":{"x":0.10413727909326554,"y":0.8677969574928284,"z":-0.44027772545814516,"w":0.2053786665201187},"size":26.030681610107423,"orthographic":false}