{"cameraMode":{"drawMode":0,"name":"Shaded","section":"Shading Mode"},"sceneLighting":true,"audioPlay":false,"sceneViewState":{"m_AlwaysRefresh":false,"showFog":true,"showSkybox":true,"showFlares":true,"showImageEffects":true,"showParticleSystems":true,"showVisualEffectGraphs":true,"m_FxEnabled":true},"in2DMode":false,"pivot":{"x":4.592095375061035,"y":3.8765058517456056,"z":-1.0445836782455445},"rotation":{"x":0.015114887617528439,"y":0.9824090003967285,"z":-0.1620703935623169,"w":0.09162861108779907},"size":5.551387310028076,"orthographic":true}