{"cameraMode":{"drawMode":0,"name":"Shaded","section":"Shading Mode"},"sceneLighting":true,"audioPlay":false,"sceneViewState":{"m_AlwaysRefresh":false,"showFog":true,"showSkybox":true,"showFlares":true,"showImageEffects":true,"showParticleSystems":true,"showVisualEffectGraphs":true,"m_FxEnabled":true},"in2DMode":false,"pivot":{"x":35.96302032470703,"y":9.145297050476075,"z":1.2833343744277955},"rotation":{"x":0.048477478325366977,"y":-0.7152746915817261,"z":0.049865223467350009,"w":0.6953803300857544},"size":0.007731396239250898,"orthographic":false}