{"cameraMode":{"drawMode":0,"name":"Shaded","section":"Shading Mode"},"sceneLighting":false,"audioPlay":false,"sceneViewState":{"m_AlwaysRefresh":false,"showFog":true,"showSkybox":false,"showFlares":true,"showImageEffects":true,"showParticleSystems":true,"showVisualEffectGraphs":true,"m_FxEnabled":true},"in2DMode":false,"pivot":{"x":-0.011613726615905762,"y":2.8525800704956056,"z":0.0011421442031860352},"rotation":{"x":0.011689598672091961,"y":-0.009902002289891243,"z":-0.00011593011004151776,"w":-0.9998852014541626},"size":3.2919845581054689,"orthographic":false}